序号,链接,节点数
0,https://YaIuK7.absslk.xyz/50cc8f182d20c7d4b14f0dead729b869,0
1,https://bMrn3b.mcsslk.xyz/0a0d141f2ef1d9ab6a89990221573c6b,0
2,https://gist.githubusercontent.com/peasoft/7907a8ee2a4fa5e80cd1bd006664442c/raw/,1
3,https://gitlab.com/colloq168/nodefiltrate/-/raw/main/filtrate?ref_type=heads,0
4,https://raw.githubusercontent.com/Alvin9999/pac2/master/clash.meta2/1/config.yaml,1
5,https://raw.githubusercontent.com/Alvin9999/pac2/master/clash.meta2/13/config.yaml,1
6,https://raw.githubusercontent.com/Alvin9999/pac2/master/clash.meta2/15/config.yaml,1
7,https://raw.githubusercontent.com/Alvin9999/pac2/master/clash.meta2/2/config.yaml,1
8,https://raw.githubusercontent.com/Alvin9999/pac2/master/clash.meta2/config.yaml,1
9,https://raw.githubusercontent.com/Huibq/TrojanLinks/master/links/vmess,0
10,https://raw.githubusercontent.com/Surfboardv2ray/TGParse/main/python/hy2,0
11,https://raw.githubusercontent.com/Surfboardv2ray/TGParse/main/python/hysteria2,33
12,https://raw.githubusercontent.com/qjlxg/hy2/main/splitted/hy2,0
13,https://raw.githubusercontent.com/ripaojiedian/freenode/main/clash,20
14,https://raw.githubusercontent.com/ripaojiedian/freenode/main/sub,22
15,https://raw.githubusercontent.com/zhangkaiitugithub/passcro/main/speednodes.yaml,30

总计,,82
